{"autoplayTransitionDelay":5,"author":"","timestamp":"2018-18-27 13:11:1","loopSlideshow":0,"filename":"user_scenarios_flow","autoplayBuildDelay":2,"comment":"","title":"user_scenarios_flow","showMode":0,"creator":"Apple Keynote 8.2","slideList":["7D643FA7-9A1F-45A5-A30F-7828735F3C35","3D28306A-0C82-4CB9-AA46-03EC8DB67E4B","E5E1E286-1587-4D9E-94A6-7455B0FE5975","CB21265D-8423-406C-8522-6E5D9F617C67","D9DEFFFE-2B6A-46FC-A202-89FD31A320C5","E121F7D2-7E22-4020-88FA-A4F9D682F10A","17D10E94-C8E5-43F6-9405-1E548D8FD014","6FC21D47-3234-4EB6-A5C9-CD54F7647C0D","AFC575BB-B807-443C-A0B9-EE7407E51AE0","103557CC-49D7-4166-906C-ECD1CE429649"],"soundtrack":{"mode":0,"volume":1},"slideWidth":1024,"slideHeight":768,"slideCount":10,"majorVersion":1,"minorVersion":2,"fonts":["Helvetica-Light","HelveticaNeue-Light","HelveticaNeue-Bold","HelveticaNeue","HelveticaNeue-Italic","Helvetica","HelveticaNeue-Thin","Times-Roman","GillSans","HelveticaNeue-Medium"]}