{"autoplayTransitionDelay":5,"author":"","timestamp":"2018-18-27 13:11:9","loopSlideshow":0,"filename":"info_architecture_lecture","autoplayBuildDelay":2,"comment":"","title":"info_architecture_lecture","showMode":0,"creator":"Apple Keynote 8.2","slideList":["51902393-2285-4338-A25E-0E58C951F67C","CCF9E20D-8AB1-420D-9053-B52476F8137E","93450A52-8E92-47E6-A058-9E8C1A8DBE58","2C9C63EE-8AF6-4DED-947D-A12E035270E2","C573F35B-B54B-4059-B916-905DC49157A7","16627A61-5E8B-42BC-BCA5-E2295D325680","80B80E45-3C72-4760-BFB3-367ABDCA4BB9","C182953A-F887-4F5F-A115-79A86380D624","631A939C-506B-4B15-8158-FB63AB6BBFD2","1649B46B-42AB-4B3C-8BF3-93585B5531D3","CC786E67-1000-4E34-A93F-B9232406126C","59226C1F-06CA-4469-BCFF-3BD6109848F7","4A504FAB-2AFF-486A-A4A9-7079C2CEF463","1E31371D-AA1C-47D7-B6A1-EBA1A3EDDB25","9FBA424F-5BEC-445D-95AD-787AE1C4669D","FD648C1A-B661-4F56-94A5-3DE1A955CD0A","FA8C49DC-5971-4CB6-B1A6-750E0E3B3385"],"soundtrack":{"mode":0,"volume":1},"slideWidth":1024,"slideHeight":768,"slideCount":17,"majorVersion":1,"minorVersion":2,"fonts":["Helvetica-Light","HelveticaNeue-Light","HelveticaNeue-Bold","HelveticaNeue-Italic","HelveticaNeue","ArialMT","Helvetica","HelveticaNeue-Thin","GillSans","Times-Roman","HelveticaNeue-Medium"]}